country,NV.AGR.TOTL.ZS,NV.IND.TOTL.ZS,NY.GNP.PCAP.CD,IT.NET.USER.ZS,SH.IMM.IDPT,SH.STA.MMRT,SH.XPD.CHEX.GD.ZS,SP.DYN.IMRT.IN,SP.DYN.LE00.IN,SP.DYN.TFRT.IN,IT.NET.SECR.P6,SP.URB.TOTL.IN.ZS,SL.EMP.VULN.ZS,SP.POP.DPND,SP.POP.GROW,EN.ATM.PM25.MC.M3,EN.GHG.ALL.PC.CE.AR5
Afghanistan,5.894340263720563,13.4498227120978,5.91350300563827,15.92840004,60,6.255750041753367,14.9857626,3.910021002757473,66.035,4.84,3.7786868944111807,25.4730529631167,81.4636847215318,83.8361728436287,2.13559384981397,3.6362249966897453,-0.24536156651437996
Angola,4.572672844492146,35.7012470046254,7.882314918980268,37.88589859,66,5.209486152841421,2.54692864,3.4965075614664802,64.617,5.124,3.694309433675703,69.8515032220457,66.3095743545771,90.0552252752265,3.08065530722915,2.9911000138681336,0.6194929464867851
Albania,4.034134210868622,23.160711973189,9.07566546864958,83.13559161,97,1.9459101490553132,7.05240345,2.1162555148025524,79.602,1.348,7.2366996099704455,58.2106086137857,46.7326588368579,50.0239189058889,-1.64410790425763,2.741749494340514,1.1022306266672777
Andorra,0.6917312596586626,12.4282261796617,10.777288232789331,94.21499634,98,2.3978952727983707,7.69928026,0.9162907318741551,84.041,1.082,9.590048682175823,88.8201609217082,11.2062097881447,38.2484697192491,1.43374756867515,2.184141800883498,1.7804935644641222
United Arab Emirates,0.8741117879956665,45.4007042021104,10.841539776191796,100,96,1.0986122886681098,4.97095108,1.3862943611198906,82.909,1.2,7.659011533441759,85.6680699002526,1.60374551990489,22.0026623838262,3.97717097504667,4.046321905161627,3.1887168435663176
Argentina,2.418011291103538,25.1722105252735,9.466531777336593,89.22897166,66,3.4965075614664802,10.2695179,2.1041341542702074,77.395,1.5,8.603591322724803,92.1945132257907,22.4431470253428,52.4243366823125,0.286976121920089,2.663512631348974,2.115476765509632
Armenia,2.8464430420944646,22.8800961616671,8.83200393125627,79.99663036,94,2.9444389791664403,9.32119179,2.186051276738094,77.4658536585366,1.9,7.070729524299886,65.6956882008852,33.974477975018,48.7129653645231,-0.165163937436499,3.351770080501339,1.286029783673845
Antigua and Barbuda,1.4883165070085025,19.2141808779566,9.915910072534686,72.12409973,97,3.5553480614894135,3.91348195,1.9740810260220096,77.598,1.578,6.689251809550056,24.4500156687422,19.2520697352434,41.7566725911073,0.511400156215609,2.1301480770584873,1.4925278720906021
Australia,1.6036515578345658,27.5167800860919,11.055956513994948,96.1160965,94,0.6931471805599453,10.39852047,1.1314021114911006,83.0512195121951,1.499,10.76987125194937,87.4866955653765,9.25879255732326,54.8330501591457,2.43450716351535,1.858598358204892,3.0927371546272124
Austria,1.114343627607454,26.0904948643547,10.931140752263744,95.33467117,87,1.791759469228055,11.15297318,1.0296194171811581,81.7926829268293,1.32,10.652093125631161,69.2265358276021,7.89303332366762,52.5940837665189,0.989464653969154,2.305955608769308,2.059284840032532
Azerbaijan,2.3474643652616454,45.8408458162374,8.806873266530692,89,51,2.8903717578961645,4.27113533,2.580216829592325,74.429,1.55,6.309438833880584,58.5075350483702,54.2004925396543,43.5853062725148,0.120242150339289,3.1660608494032827,1.792875848692105
Burundi,5.834144318185881,17.3685971500712,5.634789603169249,7.172299862,89,5.971261839790462,9.09471226,3.4468078929142076,63.651,4.878,2.332134427195302,23.5534768372276,83.7853771767574,91.846666183644,2.72764441044431,3.5749213177611834,-0.5140535041141724
Belgium,0.8804667782942898,19.4830082750909,10.924498595180687,94.62625074,98,1.3862943611198906,10.80371571,1.1631508098056809,82.4,1.47,10.424201690172003,87.551492636772,11.2062097881447,57.321807211007,0.850263748167955,2.134070243380601,2.208542960195499
Benin,5.040036941011078,17.3021977561605,7.237059026124737,32.39400101,69,6.249975242259483,3.33732462,3.8394523125933104,60.774,4.556,2.517828929383004,51.7457922964593,79.2295047303335,81.5677814531873,2.52274772277722,3.680256280871624,0.20686022045391964
Burkina Faso,4.360142774666949,25.7574137805107,6.733401891837359,25.36120033,91,5.488937726156687,7.79943228,3.8044377947482086,61.092,4.186,3.1172145275047325,27.7872478365158,80.7952002997066,81.8908186351026,2.26973666268599,3.6196537641198763,0.40701104822369094
Bangladesh,3.317181035300877,34.5942721606063,7.965545573129992,44.50274195,97,4.74493212836325,2.17014575,3.1945831322991562,74.672,2.163,5.961438257021124,32.1578465036834,58.1775397771731,53.0958193080833,1.22171475464107,4.2377599939772175,0.23011743380024668
Bulgaria,1.5882214319170611,22.7029885584048,9.563810184965966,80.38956462,92,1.791759469228055,7.91853094,1.5686159179138452,75.7560975609756,1.81,10.898670194262795,73.7322671584613,7.18531662064668,57.1601451805102,-0.286577641861364,2.97972192016528,2.041742179618293
Bahrain,0.5014905848751808,43.4381277604186,10.256254871643844,100,99,2.833213344056216,3.99562383,1.9740810260220096,81.284,1.824,8.626604313162483,100,0.943956184784735,29.2488272145239,3.37686417721007,4.0353989857379275,3.7173198013504027
"Bahamas, The",0.6741270140563453,9.77716369922666,10.46823301829155,92.38729858,87,4.330733340286331,6.30260801,2.424802725718295,74.552,1.373,8.76935289067905,81.3213799173676,16.0789212824029,42.5030859572889,0.477303918283875,1.6642884606185193,1.4994044129034225
Bosnia and Herzegovina,2.157132890269749,23.721885700131,9.021598247379305,83.3771539,73,1.791759469228055,8.9216938,1.667706820558076,77.85,1.486,8.58408038972197,51.5657239834305,18.7797277887073,53.5210215348666,-0.617510129445164,3.261502115387979,2.180825492423299
Belarus,2.69232233796377,31.6950575540559,8.968268810776454,91.51249979,98,0,7.08167362,0.6418538861723947,74.1837804878049,1.208,9.388225209140751,78.8146420666327,6.6337809269145,50.9143686597634,-0.540824986374776,2.4836037435005363,2.2482970729386866
Belize,2.8525631179106377,14.409549271611,8.83200393125627,70.18720245,85,4.204692619390966,4.14735794,2.388762789235098,73.566,2.007,12.913353035443272,41.9459437504976,30.1745007060722,46.7004478384213,2.05772774277288,2.8192731898226646,0.8901034707712377
Bolivia,3.0513898632533847,29.7722060416097,8.349957272040324,77.30039978,67,4.983606621708336,6.91864729,2.7013612129514133,68.581,2.547,5.788750601895665,70.9151414044538,63.0558406178017,55.5037371721243,1.37334382280772,3.3371010540768467,1.5417286426242125
Brazil,2.454192379432073,22.1441739234284,9.138844370271112,84.15060238,90,4.204692619390966,9.73092747,2.517696472610991,75.848,1.619,8.635627207463912,87.6159710235763,27.0083134719641,44.0290947589819,0.395928695574996,2.5939641225999224,1.81541591382636
Barbados,1.2854630274559824,12.2874215528647,10.114963298982655,69.67510223,85,3.5553480614894135,5.40463829,2.2407096892759584,76.178,1.708,6.965101001333127,59.4235740235775,19.2520697352434,50.5580529737051,0.00637558575909917,2.389500975816366,1.1468868922079334
Brunei Darussalam,1.0831076685358338,61.7411860091314,10.445521103426312,98.97039795,99,3.58351893845611,2.2286067,2.163323025660538,75.327,1.747,9.079593147057453,74.8199193881365,4.68981346054319,37.998646921747,0.782881746925984,2.0240904126243344,3.268809875042557
Bhutan,3.8720935798226264,29.4044714589229,8.224163512637862,90.02140045,99,3.8501476017100584,4.41551638,2.6602595372658615,72.975,1.462,7.11243688593254,41.7352457989939,69.7129058637769,38.5621629050646,0.698146584889649,3.4036191950638264,1.2673176544019762
Botswana,1.2948042963050401,34.0669401658997,9.005773206234908,77.86699677,95,5.043425116919247,6.25574684,3.505557396986398,69.163,2.732,6.089239040547954,67.0212655349864,25.7590725645829,56.8649822627192,1.64031664035479,2.5835113482794516,1.6259507959822161
Central African Republic,5.348930315864033,20.7068173193684,6.272877006546167,13.8416996,40,6.539585955617669,10.65553188,4.107589788972121,57.408,6.012,0.925482656159534,43.6983692134165,79.5870849025493,105.177562449203,1.06107453184959,3.505133424560955,0.9082347627499804
Canada,1.114343627607454,19.4830082750909,10.921251253340916,94.14530182,92,2.4849066497880004,11.18692875,1.547562508716013,81.6263414634146,1.27,10.659646956990159,82.5250564408346,9.46796503398798,53.0518429925194,2.78237404482922,1.8795249531021663,2.936928750952701
Switzerland,0.7806360244151905,25.8710535844701,11.494354079384793,97.34436623,95,1.6094379124341003,11.69096088,1.2237754316221157,84.1560975609756,1.33,12.005312220367244,85.1854212679815,9.68043706798858,52.9575219043034,1.26498425447772,2.1186890221055377,1.5734920408125181
Chile,1.8414210607738553,28.9994589242547,9.678467241209058,94.45742345,96,2.302585092994046,10.17470455,1.7749523509116738,81.167,1.167,9.4173517684459,88.8158617217972,21.4932685385367,45.0908347497625,0.53962870957127,3.139973214200551,1.7822563690308941
China,2.624789403133265,36.7725030223561,9.528794103094718,90.6,96,2.772588722239781,5.94388866,1.4816045409242156,77.953,0.999,7.318785514429631,65.5301448035523,34.2291488221934,44.7297141014082,-0.103794531589067,3.4654725982965444,2.391039248928672
Cote d'Ivoire,3.993026151161635,23.9006374307143,7.828038032125829,40.65284979,79,5.883322388488279,3.43218303,3.832979798087693,61.944,4.283,4.150019168050571,53.4075201638704,70.107152568218,78.0774744464329,2.50384681190665,3.014913113573355,0.16424453333654873
Cameroon,4.1351707676166285,25.1308706019034,7.426549072397305,42.24380112,75,5.552959584921617,4.5545516,3.720862499966987,63.7,4.322,2.8366579496561277,55.1286878511388,68.0402482666017,80.2951604071451,2.64245336134821,4.018247815797461,0.3523626831831906
"Congo, Dem. Rep.",3.221396461090718,39.5009688150508,6.522092798170152,18.96789932,60,6.056784013228625,3.68495083,4.046553898385752,61.895,6.051,2.1780229840068115,44.3754734892194,82.0686837854649,96.6825341170883,3.25963514299902,3.578297055385996,-0.6148820734716137
"Congo, Rep.",2.9920086691562258,45.2236339577947,7.745002803515839,43.15039825,78,5.484796933490655,3.29744148,3.3214324131932926,65.772,4.157,2.9231471373452,63.6626757615625,76.1059854038104,77.9305853486992,2.41919038084212,3.5984171816803925,1.3734782378318642
Colombia,2.9657826851412885,24.7568044354839,8.81877816903701,77.33686322,90,4.07753744390572,8.15838146,2.379546134130174,77.725,1.645,7.011314671929485,78.275571579544,43.7977677955096,42.8026198463432,1.12092864340999,2.909990205453033,1.4154515937061156
Comoros,5.844237658959267,10.3295767510686,7.4205789054108005,31.92749977,75,5.187385805840755,6.55212021,3.58351893845611,66.777,3.878,2.934652461234827,33.1502180946901,57.0393345551953,72.0409311057792,1.92327433672711,2.3197133603694406,0.09688501297005232
Cabo Verde,2.2033697676604556,10.9776694022766,8.463792414689122,74.59919739,93,3.6888794541139363,5.84791613,2.3978952727983707,76.059,1.522,6.858043818535484,75.9064245753376,35.072656923975,49.1432552588223,0.497087597239901,3.005336566363153,0.5250237140606782
Costa Rica,1.9321657338613138,20.4903900780684,9.570110520822217,85.39514799,99,3.1780538303479458,6.8663702,2.174751721484161,80.799,1.33,7.579016584961082,78.8819393641702,23.7673101793058,45.0322532261748,0.46646444898736,2.8734506787838376,1.186682958412491
Cuba,1.1856590577975652,24.497265486032,9.570110520822217,69.55580139,99,3.5553480614894135,9.38383102,1.8718021769015913,78.085,1.439,5.131846839045136,77.1259872296321,19.4115163087813,46.4332711231648,-0.361317873522215,2.2458047529766287,1.1584927391027584
Cyprus,1.074690273686363,11.3336799309353,10.385296227231626,91.22110357,95,2.6390573296152584,8.11912918,1.33500106673234,81.648,1.389,13.230633314526838,66.6739477522639,8.89235893368108,43.6311017609808,1.0167681770201,2.7769019740531182,1.9127550202143582
Czechia,1.4632905228034485,30.0237282227463,10.259061891030827,85.99404818,90,1.0986122886681098,8.42677402,0.7419373447293773,79.8268292682927,1.46,11.291680461909273,72.7352388396817,14.0228953824832,56.7878159701296,1.78238907045946,2.545433949882642,2.304357079306838
Germany,0.9639277270917577,26.7958505063624,10.922695818416969,92.4763763,89,1.3862943611198906,11.74428654,1.1314021114911006,81.0414634146342,1.39,11.84920341362728,81.9034366692129,4.44476279613189,57.9918953896649,0.131511079477747,2.176140593407939,2.1080837921334465
Djibouti,1.5817782248538257,14.432376023443,8.160518247477505,64.75869751,72,5.087596335232384,2.28316021,3.7932394694381792,65.987,2.609,4.148140769991543,72.8408245988921,30.4283542180045,52.2310906894298,1.38410272350128,3.6962876756180916,0.7283050145338511
Dominica,3.4799025427849846,12.7501207770175,9.2093398716426,81.33650208,56,3.58351893845611,5.00757647,3.4995332823830174,71.132,1.484,11.105202509887977,73.1105011438027,35.072656923975,44.6215399334624,-0.473991407609536,2.4437873953578264,0.8086053922488139
Denmark,1.018759328675409,23.6155835404278,11.185531892282219,98.77559197,97,1.3862943611198906,9.5572958,1.2237754316221157,81.7536585365854,1.5,12.47328057601149,88.552638542867,5.69211349548988,57.3988511670291,0.741185515720057,2.0152558956115136,1.879299819538441
Dominican Republic,2.072257956912037,29.3086832346831,9.179881164491475,86.12689972,90,4.820281565605037,4.59880495,3.3463891451671604,73.72,2.243,5.377501324965589,72.3577991823338,38.3000462029361,52.6597760530361,0.891159203732232,2.603634741305924,1.4804854086628199
Algeria,3.6563978234712917,37.5476547378243,8.507142855562735,76.19760132,92,4.127134385045092,4.35082531,2.9806186357439426,76.261,2.766,4.608107129577048,74.732808364138,25.9252191073665,58.7709984775404,1.49897601193923,2.805749568643645,1.7243874952213003
Ecuador,2.837494437731736,27.7143991387368,8.790269111478656,72.6943146,70,4.007333185232471,7.56167889,2.4069451083182885,77.392,1.823,6.1639539709308835,63.1307729554263,48.6267465931014,49.4714073657307,0.872456027022398,2.923615665230145,1.403928043450009
"Egypt, Arab Rep.",3.2558119055780232,32.7344752545444,8.253227645581772,74.01190186,96,2.833213344056216,4.88449335,3.0587070727153796,71.633,2.75,3.975976193129257,42.7098115041919,24.299665921968305,59.7566710357047,1.68834126904494,3.7645909959287374,1.1718755382875727
Spain,1.6143802390892301,19.9575232630573,10.40365659611359,95.44564516,93,1.0986122886681098,9.2206583,0.9555114450274363,83.9341463414634,1.12,10.265830223166002,80.128491001856,10.4141698214737,51.3142228402432,1.17836618688432,2.3106359852095233,1.7804935644641222
Estonia,1.3098019923605437,21.3455594501819,10.22738100695048,93.18342241,84,1.6094379124341003,7.47082138,0.47000362924573563,78.7926829268293,1.31,11.628252308591856,70.6770085523126,7.00020973986588,58.4343478723355,1.57745133607335,1.7780738500491895,2.3919835091205077
Ethiopia,5.982180270195592,24.4836822236256,6.937314081223682,20.33749962,70,5.272999558563747,2.80310345,3.655839600035736,67.315,3.989,2.8603766517197013,23.0586471557617,84.7805284836266,74.0248657156642,2.6036241976442,3.1698234721119807,0.38139671029722716
Finland,1.5267916809858277,23.47832457281,10.875591349229495,93.51385075,91,2.0794415416798357,10.47389507,0.6418538861723947,81.5853658536585,1.26,11.943853609221122,74.0062548602828,9.76066176622248,62.6357187918865,0.499192375381062,1.5187774476707545,2.189610397946069
Fiji,3.5811438138283,17.2796027005972,8.642944396721798,74.1160965,97,3.4011973816621555,3.61524153,3.1570004211501135,67.316,2.281,5.4354725679172,58.6069049738768,33.4217455543969,50.894119644834,0.51237740019889,1.8638818111846804,1.0530307527281932
France,1.2185064476826704,18.1109847493837,10.731384133647687,86.83635789,96,1.9459101490553132,11.51974583,1.2237754316221157,82.8317073170732,1.66,10.859344930361276,78.7804323126547,8.08089252177034,62.6913599952639,0.275093143443794,2.1074683770025313,1.7430822318668047
"Micronesia, Fed. Sts.",4.830326345148938,5.04131604539844,8.35936910622267,39.39889908,79,4.859812404361672,12.88087559,3.039749158970765,67.198,2.748,5.074018926818696,22.4334012451903,57.9761151896762,60.9275875864434,0.459189928699194,1.2575097842558747,-0.6364525359883008
Gabon,2.5825231141622877,53.869796194007,8.943767262734637,68.19789886,70,5.4510384535657,3.13430715,3.292126286607793,68.337,3.647,3.762641087975066,91.6375962797313,29.9180194867911,68.6454953915487,2.19891289669511,3.444307694322892,2.1603411905899508
United Kingdom,0.8050967952288327,17.6714033030008,10.795485591841238,95.44719696,92,2.0794415416798357,10.99128914,1.410986973710262,81.2380975609756,1.56,10.76491979328927,83.1601932891335,11.8606529577705,57.8463970694922,1.30728496203423,2.247371483997203,1.7657739020823673
Georgia,2.45271178113926,18.8799548618776,8.811354229965728,81.88425624,88,2.995732273553991,6.8575887699999996,2.028148247292285,74.496,1.81,8.566327505917343,60.7523077799724,43.5648041038313,57.1296262620538,0.0802640328443946,2.9216102034906655,1.6657111386250367
Ghana,4.576359774489053,29.466622381614,7.745002803515839,70.67430115,95,5.455321115357702,2.94686937,3.3463891451671604,65.498,3.397,3.8743899426393758,57.8074737774654,60.651477788433,66.1425812587668,1.90860289687983,3.3373200209140723,0.3262606920422125
Guinea,5.428760426220925,25.7306393241004,7.200424892944957,32.31560135,60,6.202535517187923,3.69442987,4.117409835153096,60.74,4.217,2.3496719800869816,37.6454083954705,79.7496015595189,80.7795140106788,2.46199049961035,3.3055668486060807,0.686326693797649
"Gambia, The",4.694420797395265,16.4224206550964,6.76849321164863,48.72829819,84,5.869296913133774,2.89250112,3.517497837358316,65.86,4.006,3.956306584205852,63.8020182456108,64.1418019599239,77.6473477794781,2.30124049704572,3.6445402303150636,-0.3813842366479776
Guinea-Bissau,6.06670011726797,15.4120002197218,6.877296071497429,28.71240044,74,6.22455842927536,8.82204819,3.7704594411063592,64.085,3.836,1.8720376689133724,45.5923843383789,75.3766530817951,73.5656689085059,2.24529187264064,3.474817485744471,0.38000176717391454
Equatorial Guinea,1.6640499565177542,48.2938369793055,8.737131611781498,63.51950073,74,5.159055299214529,3.49941635,3.8958936234982624,63.707,4.081,3.7805892588564594,71.1290664883517,22.6366946432979,69.80165670554,2.41057232825781,3.7429131154586215,1.4624141345925128
Greece,1.934481889053715,14.8477611524462,10.01234195744821,85.0102229,95,1.6094379124341003,8.39367008,1.1939224684724346,81.7365853658537,1.26,9.562914523300627,78.7746303842088,23.6681730294069,58.9062451092587,-0.292192792101549,2.6474976116473656,1.9144894321001331
Grenada,1.7628978630578744,14.783570238864,9.22029070282935,69.4131012,86,3.871201010907891,4.65330839,2.8154087194227095,75.205,1.487,6.42155539504255,36.462128238584,22.2095930893385,46.4482719801869,0.143593450145476,2.4007587109453814,0.6907442479984303
Guatemala,3.1019201805782366,22.3147364045658,8.607033895416027,56.72669983,88,4.543294782270004,6.80241346,2.8735646395797834,72.602,2.311,4.6930636828328005,55.6082319565539,36.6134557678145,58.4095417496558,1.53986971917384,3.3904490347441976,0.8637517230115402
Guyana,3.12147732796675,69.3012460921421,9.785266921148697,79.3553009,98,4.31748811353631,2.46673751,3.1780538303479458,70.18,2.412,4.6215500348222625,26.4651457279878,26.708694771481,55.7699884070538,0.57233513230005,2.830045154368692,2.340866205781317
"Hong Kong SAR, China",0.19477580941808353,6.28208009499498,10.912722030053022,95.97781908,94,2.0794415416798357,8.84301376,1.2237754316221157,85.2473170731707,0.751,11.784683123414476,100,6.18938579228576,47.8071542342089,2.55352466697343,2.1503162328633714,1.6624193817739723
Honduras,3.461039560690285,25.824819269639,7.962067308753666,58.0685997,73,3.8501476017100584,7.70976162,2.580216829592325,72.884,2.5,4.928621419535733,58.3132392705102,34.3721389715693,54.5329302016737,1.71477388415816,3.4248780018086276,0.8038611006359591
Croatia,1.6381560285560042,21.1552547167429,9.94270826568941,83.24117599,93,1.0986122886681098,7.14699411,1.3862943611198906,78.4731707317073,1.46,10.289483165579043,57.2431560672198,7.24937678198308,58.6141257780841,0.104856226330186,2.7586590623883893,1.9379056027284336
Haiti,4.207772743914861,29.264427213971,7.461640392208575,47.99269867,54,5.793013608384144,3.19156528,3.6913763343125234,64.936,2.656,2.0001234184577985,54.4496819335618,75.8716215154887,56.7161065708492,1.15633263604117,2.7608171740012994,0.1569702826080025
Hungary,1.7110028650470663,25.423282000701,9.894446807883979,91.4500713,99,2.4849066497880004,6.36868954,1.1631508098056809,76.5707317073171,1.55,10.891499446139779,70.2923026891431,8.24644417864645,54.5703480456464,-0.134269181500181,2.618532601140242,1.8491083286035694
Indonesia,3.5396953522331973,40.2157519921814,8.478452363099807,69.20836554,83,4.941642422609304,2.70239949,2.7536607123542622,71.146,2.127,7.909265415332786,58.1179353397878,50.671641325763,47.0224568841154,0.842666137328498,3.037088407573537,1.5008850584085778
India,4.201968459284827,25.5525555206094,7.820037989458753,60.25230026,91,4.382026634673881,3.33944035,3.1986731175506815,72.003,1.975,6.873249327521424,35.0676918424186,72.7628402822064,47.0132181120622,0.883289539766135,3.989950694426932,1.073288616133461
Ireland,0.9202775180153001,34.0037014019007,11.28074116900387,96.8660965,93,1.3862943611198906,6.57538509,1.2237754316221157,82.8073170731707,1.5,11.917951558029273,64.1152082461268,10.3210240374341,52.8088109767237,1.87573900211149,2.0165311257995064,2.430412063324304
"Iran, Islamic Rep.",3.2788523154578035,38.7761581460708,8.531096096585228,83.71050262,99,2.772588722239781,6.02542305,2.3608540011180215,77.654,1.695,8.794727156525363,76.6759567260742,40.0099577621982,44.414481053557,1.20408185634218,3.694995457508926,2.430855706560848
Iraq,1.7623936037344552,53.9604851597879,8.68609172787805,81.80889893,91,4.189654742026425,5.53275251,3.0301337002713233,72.324,3.249,3.7759581476919655,69.868278503418,27.0725257191358,68.0336199589456,2.25148890849618,3.9013940419756254,2.1960079593123862
Iceland,2.073775682307298,19.7443213827779,11.300598206089868,97.94860077,92,1.0986122886681098,8.70510101,0.7419373447293773,82.4560975609756,1.55,11.37486433876191,94.1518261784801,10.2814429298707,50.1598302412054,0.953546915490719,1.595939952237887,2.3987922624300406
Israel,1.17995165430676,18.1095322410277,10.905588940823394,87.03842615,98,0.6931471805599453,7.09822369,0.9932517730102834,83.1951219512195,2.85,9.46692400186753,91.5089569794505,7.88898496592273,66.7509366513991,3.00437405991345,3.0865253732021416,2.0827536462956675
Italy,1.3636873451636926,23.667517226973,10.564886034781493,87.0278292,95,1.791759469228055,8.40559483,0.8329091229351039,83.3512195121951,1.21,10.317054986502482,69.5381540123301,14.5459593201289,57.1418238396626,-0.0499178457490556,2.6596863405964672,1.858974723465345
Jamaica,2.789723798014289,16.7222407974085,8.83346272071993,89.47304282,99,4.867534450455582,7.60493946,2.8154087194227095,71.479,1.358,5.251537304218321,58.4510149367429,31.7277710267084,36.9793488070563,0.0226098931571573,3.075167428414816,1.1581959286730592
Jordan,2.2262739967599723,26.790780203604,8.494947582468917,92.53443944,96,3.4339872044851463,7.66000605,2.509599262378372,77.814,2.639,5.2093065325670365,92.682236868336,8.18226341011927,55.1554977992581,1.61225050235636,3.4852937589328143,1.1010297231305657
Japan,0.9084852202747775,27.6517978744645,10.614965689780798,85.00990295,98,1.0986122886681098,10.73979473,0.5877866649021191,84.0412195121951,1.2,10.364125970414984,92.0826903891473,7.8790588899942,70.1001399306642,-0.487370782049143,2.4381590010580294,2.173178752898255
Kazakhstan,1.9557615175722807,32.4284843310401,9.278933163441794,92.87846096,99,2.302585092994046,3.76701546,2.028148247292285,74.402,3.012,8.668047561064867,61.7560919499181,24.953358583172,60.893935746271,1.46415151694869,2.9753326762273087,2.7774380737057274
Kenya,4.631652630565088,17.1222148239844,7.6544432264701125,32.07040024,93,5.003946305945459,4.35172892,3.5467396869528134,63.646,3.208,5.694177175419434,31.6330340816429,64.2693582037439,67.6739373442667,1.98296028478422,3.0082716069460425,0.597436696592856
Kyrgyz Republic,3.0809350986475,23.5839337797005,7.517520850603031,91.04440308,86,3.7376696182833684,4.50344467,2.70805020110221,72.2487804878049,2.7,6.70486373128084,34.706439175362,29.9347601469245,61.5475158691892,1.76957037310792,3.001908235550181,1.1180403964963501
Cambodia,4.132607802046439,40.5173741615592,7.779048644925556,68.92549896,84,4.919980925828125,4.61706829,2.833213344056216,70.668,2.579,5.4080656550412005,40.6290788072508,52.8614074933367,56.4253473651475,1.28320677599476,2.966623024500499,1.0336071214279738
Kiribati,5.194718088244106,11.2569231735681,8.21878715560148,88,90,4.382026634673881,10.94525623,3.6838669122903918,66.473,3.147,3.1195585327576576,61.5244676194408,35.1354019282024,64.0608558943316,1.56733842415292,1.3524910496895024,-0.1790822605794045
St. Kitts and Nevis,1.1818268425102723,21.3250720986857,9.992871113670814,76.58950043,96,4.30406509320417,5.73595428,2.667228206581955,72.145,1.505,9.016013249180443,31.7007809622822,21.1489353259776,40.908269045323,0.104849849656036,2.182757304221212,1.344075016521608
"Korea, Rep.",1.2032201438037098,32.5234690063974,10.54586761604242,97.41597478,98,1.3862943611198906,8.5650692,0.8754687373538999,83.4292682926829,0.721,9.182800661434374,81.1645551720421,18.1874620593958,41.4544025774417,0.077477253324535,3.0862136961206446,2.5617469095653234
Kuwait,0.684480837025096,60.2656226708529,10.646376824990888,99.74731125,99,2.0794415416798357,4.96311998,1.9740810260220096,83.1878048780488,1.524,5.95454471519024,100,2.16885021564415,27.4788324128055,5.58813678140227,4.13273859048543,3.543611692424553
Lao PDR,4.017344500436663,30.5335808308347,7.6544432264701125,64.39800262,74,4.718498871295094,1.32651615,3.339321977944068,68.964,2.421,5.613505101763649,38.8070088517156,76.9069957462894,54.0669284232336,1.39237667233214,3.257184198810382,1.681123960179793
Lebanon,0.9830846186210137,2.0863020184691,8.21878715560148,81.7059021,53,2.70805020110221,5.57497263,2.6878474937846906,77.817,2.239,6.516223497207708,90.4524074197598,19.3941428386248,57.5802354030357,0.503630953855672,3.284470785912521,1.156897115219437
Liberia,5.879200819661147,23.3467448747153,6.565264970035361,31.22410011,83,6.4425401664681985,13.00574875,4.152613470346076,62.163,3.95,2.228345434833435,54.997863482224,77.3953609348577,76.2870435714976,2.20390696065654,2.885796267682125,-0.21901611299875653
Libya,1.3301420831258968,78.8995280792827,8.725832056527565,82.10469818,73,4.07753744390572,7.80515862,2.791165107812717,69.339,2.355,4.720655086941077,87.8647197919848,22.2704702682594,48.8966237042016,1.12674309223491,2.9964566476870886,2.5958242258046402
St. Lucia,1.1201183731046778,9.95387929726613,9.42867236629317,67.44390106,74,3.784189633918261,4.7298274,2.772588722239781,72.697,1.379,6.555060467494725,29.0976313248036,23.9216658403569,37.3031797573827,0.281512532799571,2.3442934983557957,0.9295609112325672
Sri Lanka,2.8360398097642388,25.6710307504815,8.174702882469461,51.2,99,2.8903717578961645,3.68313766,1.667706820558076,77.483,1.974,6.178712612468375,20.1455348442463,39.2992566916584,51.745033375023,-0.651320770103285,3.1215730180183274,0.46790836496715926
Lesotho,2.58097828323619,28.522771885001,7.138866999945524,48.98590088,90,6.169610732491456,12.61182117,4.067315889834181,57.375,2.694,4.489991617763118,42.6781596804785,32.8582414269078,63.2665285082422,1.10328678263994,3.274801512249991,0.2841186904322224
Lithuania,1.580253357280876,24.4986518894236,10.140928408551162,88.50287484,90,2.0794415416798357,7.31801939,1.0647107369924282,77.290243902439,1.18,11.481432690109818,68.575454583199,10.7859209223594,53.2410196696624,1.40084461829591,2.374489388357902,2.0166989044102333
Luxembourg,0.4327250314403767,9.28618931365795,11.390531816756162,99.34785707,99,2.3978952727983707,5.78777981,0.6418538861723947,83.309756097561,1.25,11.010075791363017,94.8015300320787,6.85390678809214,44.7725431159019,2.02002574712319,2.0055122083711305,2.4666521235662437
Latvia,1.9832909000409344,20.1348662975065,9.95227771670556,92.18791291,98,2.9444389791664403,7.27783823,0.8754687373538999,75.4268292682927,1.36,10.16904294929283,68.358631634306093,8.27463018952545,58.7910304708067,0.22997050070229,2.565884797184995,1.826174650527928
Morocco,3.3363414669374145,25.3229740167851,8.237479288613633,91,97,4.248495242049359,6.06396198,2.72785282839839,75.313,2.23,6.341434798477116,62.673750838878,36.1537678510381,51.1965827591372,1.02195181223548,2.929627239909281,1.0554497458505212
Moldova,2.6616815145516584,17.687867818777,8.740336742730447,76.50330353,87,2.9444389791664403,6.7359705,2.7013612129514133,71.198,1.731,9.352346269702124,43.0011825561523,58.4945696961615,55.2962072281666,-2.84274212689094,2.7043829280731972,1.5560979567418252
Madagascar,4.714152859301393,23.1235899500024,6.234410725718371,18.24080086,65,6.09807428216624,3.42822957,3.7773481021015445,63.632,3.972,3.0992982539184286,31.9799438860946,84.7910373194925,75.1537300734546,2.46201530433165,2.516613269743945,0.1350142361518364
Maldives,2.254294933296309,9.64044735636074,9.31739944426959,84.552902220000007,98,3.4657359027997265,9.24973583,1.6094379124341003,81.041,1.575,7.120975115362159,41.5096832933973,17.4796859290093,32.264975533215,0.359585188904548,2.4125527007294263,1.3348623723228337
Mexico,1.9610450239560666,32.4707165626052,9.39182824802156,81.18318755,85,3.7376696182833684,5.50398684,2.517696472610991,75.069,1.91,6.021308032869456,79.4734935748046,26.1101792283655,49.0415538480472,0.872178517508623,2.8100025982550405,1.664838453386501
Marshall Islands,4.34987373554124,11.6729924242424,8.982184278838428,64.07589722,85,5.043425116919247,13.40528965,3.152736022363656,66.945,2.919,5.040398867301941,78.3593928884282,34.0405849000298,64.169133192389,-3.16867227675357,1.4113763637994003,-2.2728215197883608
North Macedonia,2.4961744125240326,24.0124323129383,8.979668554241181,88.5,86,1.0986122886681098,7.42730284,1.0986122886681098,75.3160975609756,1.5,7.5272317359206236,62.2518322545779,9.93863251143773,52.8340697087164,-0.212923714310977,3.082447204750714,1.7548128381049126
Mali,5.601319934343136,26.8809778070534,6.917705609835305,36.03879929,75,5.905361848054571,3.81316996,3.8979240810486444,60.439,5.614,2.642753439245811,31.0031889023235,76.4497311446465,95.5627428168982,2.97400537620334,3.570209792096932,0.6734554472753289
Malta,0.21081951818098366,11.0677282459092,10.483466034990435,92.07266941,98,2.0794415416798357,8.84301376,1.5686159179138452,83.3560975609756,1.06,8.481189387406376,95.6272277147965,10.261356435023,49.1465329757208,3.99255876861009,2.380352998353189,1.392701685886724
Myanmar,4.766784133201985,37.5929250362669,7.106606137727303,60.25230026,71,5.220355825078324,4.45748425,3.520460802488973,66.889,2.115,3.0043074335383815,30.3820718069466,62.8150740990455,46.2092542209052,0.698879396261223,3.5572470705333012,0.7812450482907057
Montenegro,1.9414539324081064,12.7498868945047,9.355306142226368,88.5515976,81,1.791759469228055,9.6549921,0.6931471805599453,77.5878048780488,1.74,7.70581542193721,65.4731667624849,14.9459877422762,55.7603675124215,-0.00994290846928265,2.9153164846254374,1.9144894321001331
Mongolia,3.1496988448072685,39.5354090088486,8.490849216076635,83.74320221,96,3.713572066704308,6.07207489,2.4336133554004498,72.1224390243902,2.7,7.764162249994337,70.4464492797852,39.2935505593375,60.0027669535657,1.3708886685104,3.75400422780261,3.2929055356361188
Mozambique,5.036250490590772,21.5320629009049,6.29156913955832,19.94560051,70,4.59511985013459,8.50126553,3.8044377947482086,63.611,4.763,3.6137256005135105,35.7149783148407,83.9721727715252,90.5547175254326,2.95358093047219,2.618977274772541,0.020098049447572257
Mauritania,4.377397360376631,30.9364727932156,7.668561108015897,44.95629883,90,5.942799375126701,4.34333467,3.4372078191851885,68.484,4.697,3.545139228714455,59.7142464747058,53.8401728108733,86.0514074690377,2.96653079197429,3.839482391659058,1.2299869931955523
Mauritius,2.003160718113357,17.8391234046561,9.435881047890113,79.5,96,4.189654742026425,5.56544495,2.624668592163159,73.4121951219512,1.4,7.820317440077004,39.0039901092226,15.5717369644636,39.0159696460938,-1.1051534726941,2.643410829335122,1.6221490291326965
Malawi,5.373023395516531,19.2940863985344,6.429719478039138,17.98810346,91,5.41610040220442,6.53459597,3.648057459593681,67.353,3.648,3.320415547841905,16.9748746665356,60.0058962741485,78.280606285515,2.57135708610945,2.816674991308354,-0.13964879745610737
Malaysia,2.7866304601207927,37.5648573322214,9.367344120785848,97.69272633,95,3.258096538021482,3.95760036,1.9315214116032138,76.657,1.55,8.99745896255407,76.4434752105739,22.1461272529112,42.3268043029121,1.23402869169549,2.764116322814945,2.204272000185656
Namibia,2.7582383303365337,30.6216880290967,8.368693183097793,63.69549942,83,4.9344739331306915,9.48251629,3.6454498961866,67.385,3.212,5.9647551168913715,49.9545837830821,30.4900323026183,69.1003275178326,2.50947899094054,2.655022129165052,1.5449276271396155
Niger,6.632351691248911,17.4144203773581,6.461468176353717,12.98079967,85,5.857933154483459,4.04895782,4.203198967134183,61.183,6.061,1.5560551231268223,17.7506873295237,84.2026758255113,98.164041724651,3.29489175812772,4.177923923866864,0.42645638458081947
Nigeria,5.264816357603549,19.1302382466487,7.859413154693583,40.06399918,67,6.900730664045173,4.19086456,4.249922794040544,54.462,4.482,3.8628117250430374,62.1746763155343,66.9627274265273,80.2464063402127,2.09838916935738,4.185716982293191,0.3935529282723037
Nicaragua,3.9151712436619808,27.2011978140009,7.7664168980196555,60.30120087,89,4.0943445622221,8.29879284,2.4849066497880004,74.947,2.218,4.639226140518122,59.1250953674316,39.3262430869109,52.8658369386387,1.37167812196347,3.016420975497009,1.0219951410769499
Netherlands,1.3234396208390016,18.1639849428596,11.043721515895058,97.00680272,92,1.3862943611198906,9.83150005,1.2237754316221157,81.8634146341464,1.43,12.180564398358062,95.3221682092129,13.4632313382952,54.6264908553262,0.990139686700227,2.1503162328633714,2.12369728271328
Norway,1.2822499999323689,37.8853738660679,11.531158233231288,99.00000258,96,0,9.42925453,0.6931471805599453,83.0121951219512,1.4,10.537814364980063,83.0718560702166,4.26317646729594,53.9423382909882,1.13831142739624,1.70863340621289,2.3074826742485333
Nepal,4.615052882893781,11.9717042539656,7.265429723253953,45.80680084,94,4.955827057601261,6.15843678,3.139832617527748,70.354,1.984,6.465535078749804,66.5432933453944,77.5335496980225,54.0220133747515,-0.0700958873206174,3.9740648567637566,0.34946203343252663
Naoero,4.34987373554124,11.2569231735681,10.015476054484175,83.03970337,99,5.60947179518496,18.21076012,2.1041341542702074,62.109,3.331,6.042757841495532,100,33.4217455543969,69.0872846361954,0.625107627709329,1.5766211103285082,-2.1379631132994943
New Zealand,2.0021306781716675,19.4354288178018,10.809121704221754,93.32610321,88,1.9459101490553132,10.12947655,1.410986973710262,81.7585365853659,1.57,9.85186019425828,83.8898991461229,13.0728738907581,54.2574461849167,2.3012774309073,1.9288199502630796,2.7107145971624456
Oman,1.5542196076326955,55.3716024616708,9.90098442231801,95.25170135,99,2.5649493574615367,3.49047446,2.128231705849268,80.031,2.525,5.632810471518446,79.5702973228932,3.80182805139298,38.6735887164327,6.52704988451128,3.8470738978055805,3.2502014516808786
Pakistan,4.840114006546333,20.718694602313,7.27931883541462,48.72829819,86,5.043425116919247,2.51988316,3.906004933102583,67.649,3.605,4.730564690724546,38.8191861872791,55.8687963776163,70.1673862519405,1.54880458608849,4.066879458210957,0.7466410623727431
Panama,1.5799604133859873,27.1581132184034,9.788637710857186,68.54851592,71,3.6109179126442243,8.33022976,2.4765384001174837,79.594,2.119,7.8713619157412875,65.8601271176084,36.0676492120657,52.2832629253976,1.30902688797168,2.7160880201891353,1.4751900806056613
Peru,2.687593636376748,34.2028763083755,8.867850063029406,79.48484477,84,3.9318256327243257,5.63786411,2.424802725718295,77.74,1.98,6.619749616473234,84.7810255849745,48.6156423897245,50.0391504388028,1.09975320783678,3.437010167661693,1.0759069680205142
Philippines,3.066001717007288,28.1976225091314,8.371010681238156,77.86699677,89,4.430816798843313,5.10122538,3.091042453358316,69.833,1.916,5.721942334139518,55.1242716168851,34.2583905496603,51.2166581870048,0.810000998681961,3.100331016027807,0.7954386226747441
Palau,1.745553761411315,10.0883769073276,9.598998361767967,82.91629791,97,4.48863636973214,10.85468197,2.9444389791664403,69.269,1.907,7.210720208298434,79.1531991438847,19.4115163087813,41.6233921866262,-0.180352864081089,1.5975879192082802,4.412471739278076
Papua New Guinea,4.118204981876934,36.2878524484944,7.937374696163295,18.56130028,35,5.241747015059643,2.87081432,3.4719664525503626,66.134,3.099,4.458247187497357,15.0581017891206,71.4787048247142,59.1154128064381,1.81103162496893,2.647007898403851,0.025905480753360296
Poland,1.662940496432882,29.3903798055442,9.897972371848018,86.414744,95,0.6931471805599453,7.13848782,1.308332819650179,78.2585365853659,1.2,10.527846140417545,59.8859561370214,16.56065768225,53.040171083641,-0.365658526875775,2.804727614888041,2.267742685520731
Puerto Rico (US),0.8400069882612733,47.3948264740161,10.13816433966401,94.62625074,94,2.3978952727983707,10.17470455,1.1631508098056809,81.69,0.92,6.141524300176594,94.1774359275881,10.3745362640621,56.8593409036051,-0.509158872556824,2.059191668856794,1.6577095984449604
Portugal,1.4619202078988853,18.7118937244236,10.178843975297273,85.79012676,99,2.70805020110221,10.02761173,0.9932517730102834,82.3292682926829,1.45,10.272537755222128,61.2048652633664,10.2186690811122,58.7431554582857,1.36912985956796,2.1708240897321303,1.6481348267253373
Paraguay,3.4212664244644118,32.86913447472,8.732304571033183,78.09481878,71,4.060443010546419,8.35731316,2.70805020110221,73.844,2.422,6.466420573729934,69.3466081733694,36.2303155998669,54.2026658651783,1.23021616038983,2.7296808113429822,1.7890704477461583
West Bank and Gaza,2.2082304805451627,16.6728378168081,8.400659375160286,86.63765334,88,2.772588722239781,10.73343945,2.8213788864092133,65.17,3.311,6.0744056604581775,86.8576870415886,24.0494455233662,72.928715183441,2.39326476511584,3.1087974855689726,1.5449276271396155
Qatar,0.5410906867150931,60.3680507871752,11.282631409627177,98.15229797,95,1.3862943611198906,2.52358818,1.589235205116581,82.368,1.729,6.108231014218168,99.2835325193835,0.443272761169379,20.0951254427778,-0.0489708509014485,4.679893275962335,4.073833936857409
Romania,1.8232304021071994,27.0872143657574,9.71655538318449,89.20335498,79,2.4849066497880004,5.70901489,1.7227665977411035,76.4048780487805,1.54,10.197447428749776,52.1645747011867,13.3227318239018,55.3509300976065,0.0659152146414443,2.7730717184932465,1.670304532096014
Russian Federation,1.7376401146751101,30.7976211679525,9.574983485564092,92.24496346,97,2.1972245773362196,7.04438496,1.4350845252893227,73.2546341463415,1.41,10.069154391534564,74.9805047873279,5.19803885060721,51.7902694468508,-0.285217600763343,2.448083314617304,2.8605556087688147
Rwanda,4.810125337298779,21.4768679680262,6.937314081223682,28.80579948,94,5.43372200355424,5.12708998,3.40452517175483,67.785,3.698,4.860852479458521,28.8555310645477,40.1715872855134,71.0958025684348,2.1984982050137,3.5836973883140812,-0.5139097462651494
Saudi Arabia,1.5677029225272465,47.6052986491653,10.500399125215248,100,97,1.9459101490553132,5.68722248,1.5686159179138452,78.732,2.28,6.053368701791985,84.2962388315415,1.57374630001703,36.8306261402051,4.63821572656175,4.29752993735678,3.1895177885742925
Sudan,5.502333687409143,28.3364187359122,6.492239835020471,28.43190002,51,5.545177444479562,2.85165739,3.784189633918261,66.331,4.323,0.7599503750388903,34.7960076976764,84.0442207117152,78.129580689837,1.32652175747925,3.6273334413098723,1.0169798018934468
Senegal,4.172679141053899,22.888647826957,7.3901814282264295,59.18740082,92,5.4680601411351315,4.32314825,3.4011973816621555,68.683,3.818,3.832759615623045,54.6992276190794,63.5514222455658,73.0702280774448,2.38738348832592,3.729262110696212,0.5417444001697885
Singapore,0.16997042189163267,22.1388465584107,11.149513593093063,94.28518987,98,1.791759469228055,4.49163246,0.7419373447293773,83.0975609756098,0.97,12.339940918477796,100,9.06840038273305,33.1253772353762,4.85831607781442,2.7175205505210602,2.5041691556293797
Solomon Islands,5.525001150043256,21.4812055187331,7.590852123688581,28.67239952,84,4.812184355372417,5.36366177,2.8273136219290276,70.528,3.557,4.366272027725274,30.0088821088389,68.9487909474215,69.461496422262,2.39583243369756,2.278947890258346,-0.28952333837797933
Sierra Leone,5.390048259733719,26.0790881010936,6.76849321164863,23.71360016,91,5.869296913133774,4.71883011,4.030694535145645,61.786,3.791,2.591978126830914,44.809324991151,86.4983984141748,71.6396127509545,2.19524258771884,3.1117920707754405,-0.08199133511082893
El Salvador,2.1551887282385205,23.7996355178527,8.503094267036737,62.61989975,96,3.6635616461296463,9.28738594,2.2192034840549946,72.099,1.775,5.202829030307308,74.6080675149903,31.5097717413482,49.7246065816785,0.465531145369394,3.387309645215209,0.8237692195495779
San Marino,0.12285903319616877,35.7653554128177,10.895071268445715,97.33640289,91,2.0794415416798357,6.60829115,0.26236426446749106,85.706,1.149,10.38403054452775,97.1317310361655,14.9459877422762,52.3897389738974,0.310582221115543,2.5444384199372623,1.858974723465345
"Somalia, Fed. Rep.",5.040036941011078,26.8809778070534,6.396929655216146,26.12010002,69,6.333279628139691,3.74413586,4.209160236650682,58.816,6.132,2.310256878461246,54.0714435506882,46.0895176612681,97.0182430549318,3.07939219638342,2.919944508725632,0.6234328615914357
Serbia,1.9459018374452295,23.7759430141513,9.28266103355581,85.35746686,93,2.3978952727983707,8.03133774,1.5040773967762742,76.1414634146341,1.62,9.445242219524776,62.1434649229738,24.0494455233662,57.94954577942,-0.621120944154492,2.962048876799996,1.9379056027284336
Sao Tome and Principe,3.6675859086959774,2.72715391447786,7.940939762327791,58.70130157,87,4.31748811353631,5.77292156,2.2512917986064953,69.718,3.644,3.663120743341567,68.6043921103568,35.1354019282024,72.8534635081309,1.99754660166419,2.715987518818705,0.04749175096722403
Suriname,2.6761245113786876,39.6663071788203,8.558335134747413,87.4,72,4.430816798843313,5.40666008,2.7212954278522306,73.631,2.249,7.235740834610853,65.7562408447266,18.853572870583,50.5295811461931,0.914027369002208,2.75175846486826,1.7410378384738945
Slovak Republic,1.457978578456755,29.2081158245654,10.030560635099604,87.2131343,96,1.3862943611198906,7.35262203,1.6486586255873816,78.119512195122,1.49,10.594432093097076,53.190805019646,12.4017512016968,51.4188207516504,-0.0923148510113108,2.6186116909863117,2.00520393237069
Slovenia,1.2377278151227273,29.5848784281182,10.34238743673053,90.37794678,89,1.0986122886681098,9.30008888,0.6418538861723947,81.9292682926829,1.51,11.066303001669114,55.5378927789875,10.9647991555924,56.8926761847261,0.396216782960902,2.5301239737596752,2.062403003029099
Sweden,1.1323790474981643,22.5872661861018,11.01105958257571,95.70327461,94,1.3862943611198906,11.152915,0.6931471805599453,83.309756097561,1.45,10.87797825545277,88.631216160938,7.03710979747757,60.7360556550349,0.472717863265105,1.660013394618164,1.5848055165141453
Eswatini,2.5750745213177675,34.5064388032849,8.229511118964457,61.33330154,85,4.770684624465665,7.49763966,3.7999735016195233,64.123,2.753,4.9400690099097275,25.8081878500755,28.7408919322272,60.8127499411903,0.946270731993531,2.8181513280118184,0.8647401717493998
Seychelles,1.5857660359268198,13.295595742584,9.701371368413994,86.001297,97,3.7376696182833684,4.48238087,2.5726122302071057,75.419512195122,2.18,10.87062062426979,45.0971081321658,15.5717369644636,39.8025048731806,-0.0876274304874622,2.225700340021647,2.0551621255034562
Chad,5.932258781503214,30.7971003752402,6.813444599510896,12.03590012,67,6.617402977974478,4.99707747,4.060443010546419,55.069,6.12,0.21696144994214736,26.3305395171046,90.1074267881898,95.3580792822124,4.57399213394625,3.7602583917106793,1.6123115587266401
Togo,4.557721216226175,20.6747193049682,7.081708586105575,37.57020187,90,5.855071922202427,6.10829544,3.580737295494233,62.74,4.192401,4.639373659326516,43.2496853032436,75.7108704513656,80.9338235472068,1.90565010531245,3.5361557448577408,0.24862282780629286
Thailand,2.9249188088039215,32.9143397918669,8.883224230278994,89.53525238,92,3.5263605246161616,4.53787661,2.066862759472976,76.412,1.212,8.007211882569697,60.9341926574707,49.7201215492207,42.4662473757894,-0.0458651887192549,3.156450240110227,1.7452477318193018
Tajikistan,4.781094237360032,33.6387708593471,7.24422751560335,54.41550064,96,2.6390573296152584,7.43789911,3.1780538303479458,71.79,3.072,4.818467445398102,26.1890127571429,28.5289289452113,67.1019442904471,2.01812009749216,3.5069239167230815,0.7352796984127368
Turkmenistan,3.430635909595902,38.0998941918906,8.482601746646619,76.19760132,98,1.6094379124341003,5.49789095,3.4436180975461075,70.073,2.69,4.932854030617328,47.0678875054171,28.552110037468,56.11056820952,1.83970100027524,3.4419413842793354,2.857861286760042
Timor-Leste,4.144853705563539,23.8680415769611,7.549609165154532,32.07040024,83,5.2574953720277815,9.59779453,3.5751506887855933,67.689,2.707,5.482958006734753,28.595471832952,58.8010507517096,65.4641122246022,1.08884743970717,2.4838594232000246,0.30449027435868364
Tonga,4.354184710815,14.8652489605305,8.684401110400144,64.13140106,99,4.204692619390966,7.36037779,2.0794415416798357,72.895,3.129,6.77942898549999,21.147944541337,34.0405849000298,73.0878702631144,-0.424539964766316,1.545253991738354,0.9995633451318113
Trinidad and Tobago,0.914251118238947,34.5053817954523,9.897469480210566,81.9681015,96,3.9889840465642745,7.52568626,2.8622008809294686,73.49,1.532,6.0603282216754915,53.9536842104572,21.1489353259776,42.614599248085,0.124756950526578,2.6230052813084606,3.2037760325723172
Tunisia,3.0779342568535233,24.0937583898893,8.25582842728183,77.33686322,97,3.58351893845611,7.98537874,2.3513752571634776,76.508,1.832,6.707267811625161,70.0266686486584,18.1042841059229,50.6050838772721,0.666925034776371,2.937827317700585,1.2736340353486513
Turkiye,2.5278144666799163,28.1932800305474,9.39099387166944,85.96074155,99,2.70805020110221,4.27524424,2.2823823856765264,77.156,1.51,9.198468792689338,89.0218446796121,23.9397520247123,46.7152423180544,0.406389351118662,3.273521577416734,1.888685547392745
Tanzania,4.86694435738309,28.0339433523146,7.106606137727303,28.43190002,83,5.62040086571715,3.05201221,3.391147045808654,66.995,4.606,3.9624061262322448,35.4748019434954,84.0442207117152,84.3899011707131,2.90250073555304,3.0041943141075986,0.40103798206597163
Uganda,4.908113149645982,25.7532114394482,6.877296071497429,9.286999702,91,5.135798437050262,4.23600149,3.5890591188317256,68.252,4.283,3.944047044707004,30.6059359395495,74.8270512389391,85.4896724288882,2.80083228962433,3.440893118861023,0.1512709710691187
Ukraine,2.7480803231644866,19.0867598647608,8.513185170018698,81.58059692,83,2.70805020110221,5.00757647,2.0541237336955462,73.422,0.977,9.199103224848924,69.4754455027606,43.5648041038313,48.927142092575,-8.42300777431605,2.6983164215322084,1.6758158494387256
Uruguay,2.4523735687874657,16.8783176860769,9.906981441790384,90.92590332,95,2.70805020110221,9.01887608,1.8082887711792655,78.138,1.409,8.378666878445213,95.5439605712891,24.6242542732107,52.6676318563048,-0.0835522251458198,2.3846075985165247,2.5392419732399425
United States,0.9639277270917577,23.6155835404278,11.2891567182621,93.52559662,94,2.833213344056216,16.69414902,1.7047480922384253,78.3853658536585,1.6165,12.137372312924446,80.071561119178,3.75894143719088,53.9087998260781,0.822589035790284,1.9413346847873931,2.8618229155075596
Uzbekistan,4.434208835598161,31.1420713958264,7.965545573129992,89.01361047,99,3.258096538021482,6.74312878,2.5726122302071057,72.388,3.5,6.71401730677317,50.9964841114568,33.7413811548802,57.6444238962333,2.02114614047908,3.4895553160019266,1.7797759513672726
St. Vincent and the Grenadines,2.049544536343424,14.7472919199735,9.231122911158712,75.53679657,94,4.02535169073515,4.43696308,2.3702437414678603,71.23,1.775,5.122655189184119,47.7169922340041,22.2095930893385,49.7221975943494,-0.711025816110263,2.3611377314152735,0.5785247637439537
"Venezuela, RB",2.5825231141622877,29.7722060416097,8.019612794400267,76.33190155,54,5.424950017481403,3.77611423,3.054001181677967,72.514,2.079,5.4092152174570325,89.249627620225,36.9972192900539,55.0083324049546,0.310851368612458,2.9548222364265992,1.7649395920126532
Viet Nam,3.445479160076157,37.5932883534337,8.32845106681936,78.08,65,3.871201010907891,4.56109476,2.517696472610991,74.588,1.913,8.567184101976036,38.1298904418945,52.3405074390883,47.5514131558407,0.671429250652247,3.2102203908394156,1.6882825074795904
Vanuatu,5.053940888928471,9.58720198979664,8.345217926676428,32.07040024,72,4.605170185988092,4.1186676,2.6878474937846906,71.477,3.596,7.399648658615845,22.2651966823901,57.9761151896762,74.9220682087426,2.32481600892244,1.9450445162015342,0.6643059533201747
Samoa,3.139121719597955,10.0793155346634,8.476371196895983,58.70130157,83,4.61512051684126,6.78103304,2.533696813957432,71.698,3.829,6.427251927931595,17.5012799804602,42.0022616181513,79.9646155890757,0.649190563116911,1.5215896439700476,0.8521382965770284
South Africa,1.5922220709117432,24.5639655120651,8.778017809698136,78.33670044,79,4.770684624465665,8.90966797,3.190476350346503,66.139,2.216,9.60150313669571,63.5823705163545,10.9086745806021,48.3679344695214,1.32810094082844,3.322324110378827,2.1732699030598948
Zambia,1.493358745443783,35.107778069402,7.146772179452637,16.45070076,90,4.442651256490317,5.97841072,3.5553480614894135,66.349,4.101,4.006615203359221,45.0285853521585,70.7345316379205,78.1069920863262,2.79406758723844,3.0078114709831802,0.5928368167962768
Zimbabwe,3.3904084416396945,33.2555519083931,7.843848638152472,38.67480087,90,5.8805329864007,2.92601609,4.130354999745133,62.775,3.724,4.492525320538277,39.2919370795795,68.4333523425461,81.6253517563755,1.67709591394986,2.709746993072902,0.6116889976467124
